{"packages/creek_blue_manage/assets/images/1.txt":["packages/creek_blue_manage/assets/images/1.txt"],"packages/creek_blue_manage/assets/images/2.png":["packages/creek_blue_manage/assets/images/2.png"],"packages/creek_blue_manage/assets/images/add.png":["packages/creek_blue_manage/assets/images/add.png"],"packages/creek_blue_manage/assets/images/svg/chevron_left.svg":["packages/creek_blue_manage/assets/images/svg/chevron_left.svg"],"packages/creek_blue_manage/assets/images/zephyr.fw":["packages/creek_blue_manage/assets/images/zephyr.fw"],"packages/cupertino_icons/assets/CupertinoIcons.ttf":["packages/cupertino_icons/assets/CupertinoIcons.ttf"]}